"Datum","Zuletzt","Eröffn.","Hoch","Tief","Vol.","+/- %"
"01.12.2024","80,61","80,45","83,25","79,79","2,91M","-0,58%"
"01.11.2024","81,08","81,39","83,77","77,50","5,09M","-0,10%"
"01.10.2024","81,17","76,39","82,87","76,38","3,27M","6,89%"
"01.09.2024","75,93","72,60","77,38","71,93","2,28M","4,25%"
"01.08.2024","72,83","72,62","73,46","69,29","2,30M","1,19%"
"01.07.2024","71,98","69,46","73,03","69,40","2,22M","2,95%"
"01.06.2024","69,92","68,85","71,25","68,50","80,25K","1,24%"
"01.05.2024","69,06","69,45","72,37","67,95","1,99M","-0,07%"
"01.04.2024","69,11","67,54","73,46","67,27","3,80M","4,58%"
"01.03.2024","66,08","60,75","66,08","60,64","142,34K","8,67%"
"01.02.2024","60,81","60,81","61,08","59,54","2,13M","0,03%"
"01.01.2024","60,79","60,42","60,80","59,16","2,84M","1,49%"
"01.12.2023","59,90","60,15","61,37","58,97","3,00M","-0,33%"
"01.11.2023","60,10","60,22","60,80","57,55","5,77M","-0,84%"
"01.10.2023","60,61","56,03","60,80","55,35","4,43M","7,51%"
"01.09.2023","56,38","57,53","58,40","56,36","2,73M","-2,01%"
"01.08.2023","57,53","57,29","57,63","55,69","2,99M","0,17%"
"01.07.2023","57,43","56,58","57,46","55,74","2,28M","1,64%"
"01.06.2023","56,51","59,03","59,38","55,92","2,74M","-5,01%"
"01.05.2023","59,49","58,03","60,11","57,90","3,43M","2,64%"
"01.04.2023","57,96","58,15","59,65","57,50","3,76M","-0,99%"
"01.03.2023","58,53","55,44","60,60","55,13","7,35M","5,76%"
"01.02.2023","55,35","56,86","57,25","54,72","3,85M","-2,97%"
"01.01.2023","57,04","54,80","57,38","54,74","4,39M","4,10%"
"01.12.2022","54,79","54,83","55,34","53,40","4,46M","0,30%"
"01.11.2022","54,63","53,28","55,40","53,23","4,89M","2,63%"
"01.10.2022","53,23","54,63","56,34","52,94","4,56M","-3,04%"
"01.09.2022","54,90","54,76","55,58","53,38","6,73M","-0,12%"
"01.08.2022","54,97","55,43","56,83","54,94","5,31M","-1,20%"
"01.07.2022","55,63","55,30","56,40","52,85","6,11M","0,07%"
"01.06.2022","55,60","55,03","57,19","54,81","5,50M","0,66%"
"01.05.2022","55,23","57,44","58,16","55,18","8,08M","-5,06%"
"01.04.2022","58,17","56,12","59,04","55,94","4,76M","3,26%"
"01.03.2022","56,34","54,69","61,13","54,65","13,06M","3,55%"
"01.02.2022","54,41","51,48","56,86","50,42","8,18M","5,64%"
"01.01.2022","51,51","51,73","52,81","50,68","6,02M","0,68%"
"01.12.2021","51,15","50,52","51,66","50,01","4,52M","1,17%"
"01.11.2021","50,56","49,57","53,19","48,87","5,63M","2,23%"
"01.10.2021","49,46","48,74","50,14","48,33","4,31M","1,31%"
"01.09.2021","48,82","49,45","49,63","47,60","4,86M","-0,91%"
"01.08.2021","49,27","48,96","49,55","47,17","4,91M","-0,30%"
"01.07.2021","49,42","48,20","49,88","47,98","4,57M","3,13%"
"01.06.2021","47,92","50,33","50,33","47,36","5,56M","-4,39%"
"01.05.2021","50,12","47,56","50,31","47,38","8,32M","6,11%"
"01.04.2021","47,24","47,04","48,12","46,57","6,99M","1,16%"
"01.03.2021","46,69","46,63","47,51","45,37","9,48M","2,05%"
"01.02.2021","45,76","49,40","49,75","45,68","9,13M","-7,04%"
"01.01.2021","49,22","50,47","51,22","48,47","6,35M","0,09%"
"01.12.2020","49,17","48,11","50,08","48,04","7,58M","2,66%"
"01.11.2020","47,90","52,14","53,12","47,33","10,41M","-7,67%"
"01.10.2020","51,88","51,98","52,58","51,13","7,13M","-0,27%"
"01.09.2020","52,01","53,38","53,51","51,06","8,45M","-1,78%"
"01.08.2020","52,96","53,93","56,22","51,92","11,44M","-1,44%"
"01.07.2020","53,73","51,31","53,73","50,13","9,56M","5,32%"
"01.06.2020","51,01","50,28","51,10","47,51","8,10M","1,77%"
"01.05.2020","50,13","50,15","52,63","49,52","7,95M","0,04%"
"01.04.2020","50,11","46,65","51,90","46,35","10,75M","6,28%"
"01.03.2020","47,15","46,50","49,00","41,74","22,95M","1,61%"
"01.02.2020","46,40","45,77","50,21","45,15","10,78M","0,77%"
"01.01.2020","46,05","43,61","46,28","43,57","7,39M","5,86%"
"01.12.2019","43,50","42,52","43,71","42,22","4,91M","1,75%"
"01.11.2019","42,75","43,57","43,66","42,21","4,49M","-1,98%"
"01.10.2019","43,61","43,28","44,28","42,81","5,56M","0,70%"
"01.09.2019","43,30","44,60","45,44","43,27","7,79M","-3,21%"
"01.08.2019","44,74","40,96","44,96","40,80","11,60M","8,46%"
"01.07.2019","41,25","39,32","41,48","39,25","9,29M","3,41%"
"01.06.2019","39,89","37,75","40,54","37,52","12,30M","6,30%"
"01.05.2019","37,52","36,53","37,58","36,38","4,97M","1,82%"
"01.04.2019","36,85","36,89","37,38","36,18","6,38M","-0,73%"
"01.03.2019","37,13","37,00","37,63","36,43","5,42M","-0,05%"
"01.02.2019","37,15","37,04","38,16","36,78","5,20M","0,15%"
"01.01.2019","37,09","36,10","37,12","35,92","6,59M","3,39%"
"01.12.2018","35,87","34,83","36,06","34,81","9,50M","3,49%"
"01.11.2018","34,66","34,65","34,87","34,08","5,76M","0,44%"
"01.10.2018","34,51","32,95","35,15","32,82","7,75M","4,54%"
"01.09.2018","33,01","33,24","33,40","32,55","3,18M","-0,75%"
"01.08.2018","33,26","33,61","34,23","32,97","8,84M","-1,02%"
"01.07.2018","33,60","34,49","34,74","33,36","5,14M","-2,57%"
"01.06.2018","34,49","35,75","36,15","34,46","7,00M","-4,05%"
"01.05.2018","35,95","35,06","36,46","35,02","7,92M","2,64%"
"01.04.2018","35,02","34,97","35,47","34,75","7,55M","1,26%"
"01.03.2018","34,59","34,60","35,15","34,24","2,81M","-0,37%"
"01.02.2018","34,72","34,69","35,02","34,32","3,54M","0,13%"
"01.01.2018","34,67","34,97","35,54","34,60","7,76M","-0,26%"
"01.12.2017","34,76","34,41","34,87","33,91","8,01M","0,81%"
"01.11.2017","34,48","35,20","35,70","34,48","4,49M","-2,35%"
"01.10.2017","35,31","34,83","35,62","34,67","3,78M","1,03%"
"01.09.2017","34,95","35,67","36,20","34,75","3,81M","-2,02%"
"01.08.2017","35,67","34,53","35,70","34,22","5,88M","3,09%"
"01.07.2017","34,60","34,87","34,94","33,99","4,99M","-1,23%"
"01.06.2017","35,03","36,25","37,02","34,93","5,76M","-3,45%"
"01.05.2017","36,28","37,00","37,07","35,83","5,99M","-2,99%"
"01.04.2017","37,40","37,56","38,95","37,16","8,30M","-0,19%"
"01.03.2017","37,47","38,00","38,04","36,14","6,19M","-1,55%"
"01.02.2017","38,06","36,01","38,25","35,87","13,49M","5,37%"
"01.01.2017","36,12","35,30","36,70","35,30","8,49M","2,18%"
"01.12.2016","35,35","35,55","35,58","34,70","6,98M","-0,79%"
"01.11.2016","35,63","37,48","38,24","35,62","10,83M","-4,66%"
"01.10.2016","37,37","37,66","37,77","35,89","6,60M","-1,14%"
"01.09.2016","37,80","37,73","38,66","37,47","4,60M","0,13%"
"01.08.2016","37,75","38,83","39,43","37,58","4,26M","-2,78%"
"01.07.2016","38,83","38,65","40,01","38,12","4,25M","1,52%"
"01.06.2016","38,25","35,17","39,00","34,83","7,21M","9,04%"
"01.05.2016","35,08","36,33","36,50","34,75","5,49M","-3,55%"
"01.04.2016","36,37","34,83","36,42","34,30","5,30M","4,15%"
"01.03.2016","34,92","36,70","37,46","34,77","7,00M","-4,46%"
"01.02.2016","36,55","33,31","36,55","32,93","8,67M","10,02%"
"01.01.2016","33,22","31,52","33,22","31,50","3,60M","5,63%"
"01.12.2015","31,45","32,49","32,53","30,90","2,27M","-2,78%"
"01.11.2015","32,35","33,23","33,25","32,02","2,44M","-2,85%"
"01.10.2015","33,30","32,10","34,40","31,85","3,34M","3,67%"
"01.09.2015","32,12","32,57","33,09","31,30","2,23M","-1,20%"
"01.08.2015","32,51","32,08","33,08","31,52","4,50M","1,98%"
"01.07.2015","31,88","33,97","34,32","31,62","3,93M","-5,93%"
"01.06.2015","33,89","34,92","35,45","33,40","3,18M","-2,73%"
"01.05.2015","34,84","34,03","35,33","33,40","2,56M","2,71%"
"01.04.2015","33,92","35,37","36,74","33,87","2,52M","-4,64%"
"01.03.2015","35,57","35,08","35,69","34,45","3,75M","1,86%"
"01.02.2015","34,92","36,40","36,48","33,81","4,28M","-3,93%"
"01.01.2015","36,35","31,61","37,56","31,20","6,11M","16,10%"
"01.12.2014","31,31","29,92","32,03","29,87","3,23M","2,55%"
"01.11.2014","30,53","30,10","31,25","29,34","2,80M","2,00%"
"01.10.2014","29,93","30,78","31,66","29,77","3,72M","-2,98%"
"01.09.2014","30,85","31,56","31,58","30,34","3,25M","-1,97%"
"01.08.2014","31,47","30,82","31,74","30,78","3,32M","1,81%"
"01.07.2014","30,91","31,16","31,75","30,65","3,26M","-0,19%"
"01.06.2014","30,97","29,40","31,30","29,27","3,27M","5,52%"
"01.05.2014","29,35","29,79","30,75","29,32","3,45M","-2,07%"
"01.04.2014","29,97","29,96","30,97","29,52","2,27M","-0,33%"
"01.03.2014","30,07","31,51","32,14","30,01","3,85M","-2,62%"
"01.02.2014","30,88","29,65","31,43","29,56","3,44M","4,32%"
"01.01.2014","29,60","28,65","29,95","28,55","4,52M","5,45%"
"01.12.2013","28,07","29,39","29,59","28,03","3,33M","-5,10%"
"01.11.2013","29,58","31,44","31,82","29,19","2,50M","-5,53%"
"01.10.2013","31,31","31,63","31,75","29,45","3,72M","-0,82%"
"01.09.2013","31,57","33,75","34,43","31,19","3,17M","-7,64%"
"01.08.2013","34,18","32,02","34,51","30,80","3,40M","7,93%"
"01.07.2013","31,67","30,73","32,77","30,28","3,53M","5,64%"
"01.06.2013","29,98","34,42","34,75","29,09","4,40M","-13,33%"
"01.05.2013","34,59","35,57","36,41","33,68","5,39M","-3,46%"
"01.04.2013","35,83","39,96","40,08","33,33","7,75M","-10,49%"
"01.03.2013","40,03","38,81","40,52","38,30","3,27M","2,93%"
"01.02.2013","38,89","39,28","40,46","37,93","4,90M","-1,27%"
"01.01.2013","39,39","40,72","41,34","39,39","4,56M","-2,67%"
"01.12.2012","40,47","42,42","42,69","39,68","4,69M","-4,44%"
"01.11.2012","42,35","42,82","43,96","42,06","3,20M","-1,03%"
"01.10.2012","42,79","44,20","44,56","42,04","3,61M","-3,65%"
"01.09.2012","44,41","43,19","44,41","42,88","4,90M","3,59%"
"01.08.2012","42,87","42,24","43,07","41,40","4,52M","1,30%"
"01.07.2012","42,32","40,50","42,63","40,50","4,40M","4,34%"
"01.06.2012","40,56","40,56","42,25","39,96","4,11M","-0,47%"
"01.05.2012","40,75","40,25","40,83","38,73","3,51M","1,04%"
"01.04.2012","40,33","40,22","41,06","39,52","2,39M","0,50%"
"01.03.2012","40,13","41,52","41,97","39,78","4,63M","-3,07%"
"01.02.2012","41,40","42,83","43,12","41,08","4,28M","-2,91%"
"01.01.2012","42,64","38,95","42,76","38,90","4,44M","9,36%"
"01.12.2011","38,99","41,72","42,04","37,97","5,55M","-6,52%"
"01.11.2011","41,71","39,99","42,51","39,68","5,73M","4,85%"
"01.10.2011","39,78","39,63","40,84","37,70","5,27M","2,55%"
"01.09.2011","38,79","40,69","43,81","37,27","11,54M","-4,79%"
"01.08.2011","40,74","36,03","42,50","35,98","22,65M","11,89%"
"01.07.2011","36,41","33,17","36,87","32,91","5,29M","9,04%"
"01.06.2011","33,39","34,18","34,95","33,30","3,61M","-3,02%"
"01.05.2011","34,43","33,76","35,02","32,41","4,86M","2,87%"
"01.04.2011","33,47","32,55","33,86","32,07","2,83M","2,83%"
"01.03.2011","32,55","32,92","33,42","31,99","4,14M","-1,18%"
"01.02.2011","32,94","31,31","33,24","30,90","4,01M","5,64%"
"01.01.2011","31,18","34,40","34,42","30,70","6,29M","-8,88%"
"01.12.2010","34,22","34,37","34,62","32,87","5,00M","0,06%"
"01.11.2010","34,20","31,32","34,35","30,53","7,12M","9,55%"
"01.10.2010","31,22","30,86","31,66","30,43","5,99M","1,63%"
"01.09.2010","30,72","31,60","31,99","30,60","3,99M","-2,60%"
"01.08.2010","31,54","29,02","31,59","28,64","4,29M","8,95%"
"01.07.2010","28,95","32,65","32,70","28,46","7,06M","-11,17%"
"01.06.2010","32,59","32,02","33,82","31,63","6,72M","2,29%"
"01.05.2010","31,86","28,68","32,41","28,63","13,32M","11,40%"
"01.04.2010","28,60","26,55","28,73","26,54","4,63M","7,92%"
"01.03.2010","26,50","26,49","26,97","25,84","7,79M","0,80%"
"01.02.2010","26,29","25,08","26,62","24,70","6,67M","5,46%"
"01.01.2010","24,93","24,85","25,68","24,70","4,46M","1,76%"
"01.12.2009","24,50","25,39","25,97","24,26","6,35M","-2,55%"
"01.11.2009","25,14","22,78","25,41","22,78","5,04M","11,14%"
"01.10.2009","22,62","22,30","24,00","21,95","4,19M","2,72%"
"01.09.2009","22,02","21,38","22,47","21,30","4,59M","3,38%"
"01.08.2009","21,30","21,53","21,76","21,17","3,04M","0,00%"
"01.07.2009","21,30","21,30","21,64","20,94","3,06M","-0,05%"
"01.06.2009","21,31","22,35","22,35","21,08","2,92M","-4,27%"
"01.05.2009","22,26","21,61","22,35","21,52","4,09M","3,63%"
"01.04.2009","21,48","22,41","22,64","20,76","6,30M","-3,24%"
"01.03.2009","22,20","24,41","24,54","21,65","10,75M","-7,81%"
"01.02.2009","24,08","23,07","25,56","22,04","9,92M","3,93%"
"01.01.2009","23,17","20,28","23,19","19,70","7,19M","17,14%"
"01.12.2008","19,78","20,46","20,50","18,90","5,88M","-4,17%"
"01.11.2008","20,64","18,40","20,88","18,30","7,20M","12,79%"
"01.10.2008","18,30","20,10","22,05","17,49","9,75M","-9,18%"
"01.09.2008","20,15","17,86","20,27","17,00","6,66M","10,29%"
"01.08.2008","18,27","18,80","19,10","16,96","3,83M","-3,08%"
"01.07.2008","18,85","18,92","19,87","18,54","2,99M","0,37%"
"01.06.2008","18,78","18,31","19,05","17,90","1,87M","2,40%"
"01.05.2008","18,34","17,75","19,00","17,73","1,35M","2,06%"
"01.04.2008","17,97","18,66","19,29","17,90","2,17M","-5,12%"
"01.03.2008","18,94","20,80","20,99","18,80","3,34M","-7,97%"
"01.02.2008","20,58","20,40","20,77","19,42","2,51M","2,49%"
"01.01.2008","20,08","18,43","20,70","18,43","3,54M","0,00%"